M‚tier;Grand secteur;Nombre de projets;Nombre de projets difficiles;Nombre de projets saisonniers
Agents administratifs et commerciaux des transports et du tourisme;Agriculture;110;50;100
Agents administratifs et commerciaux des transports et du tourisme;Industrie;120;40;100
Agents administratifs et commerciaux des transports et du tourisme;Construction;0;0;0
Agents administratifs et commerciaux des transports et du tourisme;Commerce;400;160;150
Agents administratifs et commerciaux des transports et du tourisme;Services aux entreprises;10190;3880;5370
Agents administratifs et commerciaux des transports et du tourisme;Services aux particuliers;5170;1590;4260
Agents d'entretien;Agriculture;80;30;70
Agents d'entretien;Industrie;5360;1770;1360
Agents d'entretien;Construction;760;430;170
Agents d'entretien;Commerce;400;190;90
Agents d'entretien;Services aux entreprises;82340;41410;16350
Agents d'entretien;Services aux particuliers;63350;18400;18810
Agents d'exploitation des transports;Agriculture;10;10;10
Agents d'exploitation des transports;Industrie;610;210;120
Agents d'exploitation des transports;Construction;120;110;0
Agents d'exploitation des transports;Commerce;610;250;70
Agents d'exploitation des transports;Services aux entreprises;4440;2760;530
Agents d'exploitation des transports;Services aux particuliers;400;180;90
Agents de gardiennage et de s‚curit‚;Agriculture;20;10;20
Agents de gardiennage et de s‚curit‚;Industrie;40;10;0
Agents de gardiennage et de s‚curit‚;Construction;100;40;20
Agents de gardiennage et de s‚curit‚;Commerce;60;20;10
Agents de gardiennage et de s‚curit‚;Services aux entreprises;35000;17280;7000
Agents de gardiennage et de s‚curit‚;Services aux particuliers;5130;1880;1970
Agriculteurs, ‚leveurs, sylviculteurs, b–cherons;Agriculture;81760;38930;65550
Agriculteurs, ‚leveurs, sylviculteurs, b–cherons;Industrie;500;290;320
Agriculteurs, ‚leveurs, sylviculteurs, b–cherons;Construction;250;120;90
Agriculteurs, ‚leveurs, sylviculteurs, b–cherons;Commerce;1340;660;1000
Agriculteurs, ‚leveurs, sylviculteurs, b–cherons;Services aux entreprises;10350;6130;7150
Agriculteurs, ‚leveurs, sylviculteurs, b–cherons;Services aux particuliers;3450;1760;1300
Aides-soignants;Agriculture;80;10;50
Aides-soignants;Industrie;20;10;0
Aides-soignants;Construction;0;0;0
Aides-soignants;Commerce;350;220;70
Aides-soignants;Services aux entreprises;1800;860;480
Aides-soignants;Services aux particuliers;69360;38070;13190
Aides … domicile et aides m‚nagŠres;Agriculture;0;0;0
Aides … domicile et aides m‚nagŠres;Industrie;90;0;10
Aides … domicile et aides m‚nagŠres;Services aux entreprises;2400;1720;270
Aides … domicile et aides m‚nagŠres;Services aux particuliers;73870;60450;14340
Artisans et ouvriers artisanaux;Agriculture;80;60;0
Artisans et ouvriers artisanaux;Industrie;760;490;110
Artisans et ouvriers artisanaux;Construction;90;50;20
Artisans et ouvriers artisanaux;Commerce;330;190;20
Artisans et ouvriers artisanaux;Services aux entreprises;100;50;40
Artisans et ouvriers artisanaux;Services aux particuliers;1220;670;310
Assistantes maternelles;Agriculture;0;0;0
Assistantes maternelles;Industrie;10;0;0
Assistantes maternelles;Commerce;0;0;0
Assistantes maternelles;Services aux entreprises;500;340;20
Assistantes maternelles;Services aux particuliers;14590;10220;920
Attach‚s commerciaux et repr‚sentants;Agriculture;50;20;10
Attach‚s commerciaux et repr‚sentants;Industrie;2940;1640;130
Attach‚s commerciaux et repr‚sentants;Construction;2160;1680;40
Attach‚s commerciaux et repr‚sentants;Commerce;17220;10360;830
Attach‚s commerciaux et repr‚sentants;Services aux entreprises;16260;8630;850
Attach‚s commerciaux et repr‚sentants;Services aux particuliers;970;510;50
Bouchers, charcutiers, boulangers;Agriculture;230;150;120
Bouchers, charcutiers, boulangers;Industrie;13620;8990;3050
Bouchers, charcutiers, boulangers;Construction;10;0;0
Bouchers, charcutiers, boulangers;Commerce;6460;4530;1040
Bouchers, charcutiers, boulangers;Services aux entreprises;420;270;60
Bouchers, charcutiers, boulangers;Services aux particuliers;6740;4300;1720
Cadres commerciaux et technico-commerciaux;Agriculture;30;10;10
Cadres commerciaux et technico-commerciaux;Industrie;3700;1930;100
Cadres commerciaux et technico-commerciaux;Construction;1180;790;0
Cadres commerciaux et technico-commerciaux;Commerce;7700;3990;310
Cadres commerciaux et technico-commerciaux;Services aux entreprises;22070;12130;490
Cadres commerciaux et technico-commerciaux;Services aux particuliers;750;250;50
Cadres de la banque et des assurances;Industrie;30;10;0
Cadres de la banque et des assurances;Commerce;120;60;10
Cadres de la banque et des assurances;Services aux entreprises;3580;1510;50
Cadres de la banque et des assurances;Services aux particuliers;80;30;0
Cadres des services administratifs, comptables et financiers;Agriculture;40;10;0
Cadres des services administratifs, comptables et financiers;Industrie;950;340;10
Cadres des services administratifs, comptables et financiers;Construction;330;140;0
Cadres des services administratifs, comptables et financiers;Commerce;750;340;10
Cadres des services administratifs, comptables et financiers;Services aux entreprises;15990;7340;370
Cadres des services administratifs, comptables et financiers;Services aux particuliers;4140;1610;240
Cadres des transports, de la logistique et navigants de l'aviation;Agriculture;10;10;0
Cadres des transports, de la logistique et navigants de l'aviation;Industrie;300;100;10
Cadres des transports, de la logistique et navigants de l'aviation;Construction;50;30;0
Cadres des transports, de la logistique et navigants de l'aviation;Commerce;210;120;0
Cadres des transports, de la logistique et navigants de l'aviation;Services aux entreprises;1650;890;380
Cadres des transports, de la logistique et navigants de l'aviation;Services aux particuliers;150;90;20
Cadres du bƒtiment et des travaux publics;Industrie;80;20;10
Cadres du bƒtiment et des travaux publics;Construction;3890;2520;30
Cadres du bƒtiment et des travaux publics;Commerce;180;110;0
Cadres du bƒtiment et des travaux publics;Services aux entreprises;6340;3940;350
Cadres du bƒtiment et des travaux publics;Services aux particuliers;370;170;30
Caissiers, employ‚s de libre service;Agriculture;40;40;20
Caissiers, employ‚s de libre service;Industrie;180;100;10
Caissiers, employ‚s de libre service;Construction;10;10;10
Caissiers, employ‚s de libre service;Commerce;99350;27000;40090
Caissiers, employ‚s de libre service;Services aux entreprises;3840;1440;1220
Caissiers, employ‚s de libre service;Services aux particuliers;1800;570;840
Coiffeurs, esth‚ticiens;Industrie;50;10;30
Coiffeurs, esth‚ticiens;Commerce;1160;700;230
Coiffeurs, esth‚ticiens;Services aux entreprises;420;170;60
Coiffeurs, esth‚ticiens;Services aux particuliers;17330;12100;3520
Conducteurs d'engins du bƒtiment et des travaux publics;Agriculture;30;10;0
Conducteurs d'engins du bƒtiment et des travaux publics;Industrie;580;330;110
Conducteurs d'engins du bƒtiment et des travaux publics;Construction;5620;3930;560
Conducteurs d'engins du bƒtiment et des travaux publics;Commerce;60;40;10
Conducteurs d'engins du bƒtiment et des travaux publics;Services aux entreprises;750;490;250
Conducteurs d'engins du bƒtiment et des travaux publics;Services aux particuliers;70;60;40
Conducteurs de v‚hicules;Agriculture;660;420;380
Conducteurs de v‚hicules;Industrie;4680;2860;1040
Conducteurs de v‚hicules;Construction;1790;1150;180
Conducteurs de v‚hicules;Commerce;7140;4440;2220
Conducteurs de v‚hicules;Services aux entreprises;83080;58600;15450
Conducteurs de v‚hicules;Services aux particuliers;9620;5780;2020
Cuisiniers;Agriculture;250;120;190
Cuisiniers;Industrie;1120;570;380
Cuisiniers;Construction;10;10;10
Cuisiniers;Commerce;1840;880;870
Cuisiniers;Services aux entreprises;5930;3070;2810
Cuisiniers;Services aux particuliers;142690;78080;62460
Dirigeants d'entreprises;Industrie;20;20;0
Dirigeants d'entreprises;Construction;20;10;0
Dirigeants d'entreprises;Commerce;80;50;10
Dirigeants d'entreprises;Services aux entreprises;300;160;20
Dirigeants d'entreprises;Services aux particuliers;180;70;10
Employ‚s administratifs d'entreprise;Agriculture;80;10;40
Employ‚s administratifs d'entreprise;Industrie;1610;290;230
Employ‚s administratifs d'entreprise;Construction;780;260;40
Employ‚s administratifs d'entreprise;Commerce;2210;740;260
Employ‚s administratifs d'entreprise;Services aux entreprises;31160;12000;8180
Employ‚s administratifs d'entreprise;Services aux particuliers;28240;6370;10110
Employ‚s de la banque et des assurances;Industrie;40;10;0
Employ‚s de la banque et des assurances;Construction;40;10;10
Employ‚s de la banque et des assurances;Commerce;140;30;10
Employ‚s de la banque et des assurances;Services aux entreprises;16650;4440;540
Employ‚s de la banque et des assurances;Services aux particuliers;1150;350;60
Employ‚s de la comptabilit‚;Agriculture;140;70;10
Employ‚s de la comptabilit‚;Industrie;590;180;40
Employ‚s de la comptabilit‚;Construction;870;350;30
Employ‚s de la comptabilit‚;Commerce;2050;690;180
Employ‚s de la comptabilit‚;Services aux entreprises;12750;5740;530
Employ‚s de la comptabilit‚;Services aux particuliers;2340;800;410
Employ‚s de maison;Agriculture;100;40;60
Employ‚s de maison;Industrie;0;0;0
Employ‚s de maison;Construction;80;20;0
Employ‚s de maison;Commerce;110;50;10
Employ‚s de maison;Services aux entreprises;11930;7400;3500
Employ‚s de maison;Services aux particuliers;18320;12190;4270
Employ‚s des services divers;Agriculture;30;20;10
Employ‚s des services divers;Industrie;140;120;60
Employ‚s des services divers;Construction;50;50;20
Employ‚s des services divers;Commerce;220;20;20
Employ‚s des services divers;Services aux entreprises;1520;490;620
Employ‚s des services divers;Services aux particuliers;8850;3530;5280
Employ‚s et agents de maŒtrise de l'h“tellerie et de la restauration;Agriculture;410;230;360
Employ‚s et agents de maŒtrise de l'h“tellerie et de la restauration;Industrie;410;200;200
Employ‚s et agents de maŒtrise de l'h“tellerie et de la restauration;Construction;30;10;20
Employ‚s et agents de maŒtrise de l'h“tellerie et de la restauration;Commerce;1080;420;670
Employ‚s et agents de maŒtrise de l'h“tellerie et de la restauration;Services aux entreprises;9330;4970;5310
Employ‚s et agents de maŒtrise de l'h“tellerie et de la restauration;Services aux particuliers;137900;74600;90920
Employ‚s et op‚rateurs de l'informatique;Agriculture;0;0;0
Employ‚s et op‚rateurs de l'informatique;Industrie;240;130;0
Employ‚s et op‚rateurs de l'informatique;Construction;80;60;0
Employ‚s et op‚rateurs de l'informatique;Commerce;630;280;50
Employ‚s et op‚rateurs de l'informatique;Services aux entreprises;7520;4630;230
Employ‚s et op‚rateurs de l'informatique;Services aux particuliers;910;350;100
Enseignants;Agriculture;20;0;0
Enseignants;Industrie;10;10;0
Enseignants;Commerce;10;0;0
Enseignants;Services aux entreprises;180;90;80
Enseignants;Services aux particuliers;9170;3700;1570
Formateurs;Agriculture;10;0;0
Formateurs;Industrie;10;10;0
Formateurs;Construction;20;10;0
Formateurs;Commerce;40;10;0
Formateurs;Services aux entreprises;1180;690;320
Formateurs;Services aux particuliers;14600;7420;2950
Infirmiers, sages-femmes;Industrie;80;10;0
Infirmiers, sages-femmes;Construction;10;10;0
Infirmiers, sages-femmes;Commerce;140;80;20
Infirmiers, sages-femmes;Services aux entreprises;330;110;30
Infirmiers, sages-femmes;Services aux particuliers;31450;16020;3360
Ing‚nieurs de l'informatique;Agriculture;10;10;0
Ing‚nieurs de l'informatique;Industrie;1010;560;10
Ing‚nieurs de l'informatique;Construction;210;110;0
Ing‚nieurs de l'informatique;Commerce;1000;690;0
Ing‚nieurs de l'informatique;Services aux entreprises;49910;36140;640
Ing‚nieurs de l'informatique;Services aux particuliers;710;380;10
Ing‚nieurs et cadres techniques de l'industrie;Agriculture;30;10;0
Ing‚nieurs et cadres techniques de l'industrie;Industrie;5720;3000;70
Ing‚nieurs et cadres techniques de l'industrie;Construction;220;90;0
Ing‚nieurs et cadres techniques de l'industrie;Commerce;870;380;60
Ing‚nieurs et cadres techniques de l'industrie;Services aux entreprises;7920;5020;130
Ing‚nieurs et cadres techniques de l'industrie;Services aux particuliers;730;360;40
MaŒtrise des magasins et interm‚diaires du commerce;Agriculture;30;30;10
MaŒtrise des magasins et interm‚diaires du commerce;Industrie;390;210;10
MaŒtrise des magasins et interm‚diaires du commerce;Construction;60;30;0
MaŒtrise des magasins et interm‚diaires du commerce;Commerce;2750;1480;220
MaŒtrise des magasins et interm‚diaires du commerce;Services aux entreprises;2160;860;540
MaŒtrise des magasins et interm‚diaires du commerce;Services aux particuliers;120;70;40
MaraŒchers, jardiniers, viticulteurs;Agriculture;157010;63190;150740
MaraŒchers, jardiniers, viticulteurs;Industrie;2730;740;2510
MaraŒchers, jardiniers, viticulteurs;Construction;240;100;80
MaraŒchers, jardiniers, viticulteurs;Commerce;2290;740;2100
MaraŒchers, jardiniers, viticulteurs;Services aux entreprises;13430;7990;5660
MaraŒchers, jardiniers, viticulteurs;Services aux particuliers;20010;5130;7740
Marins, pˆcheurs, aquaculteurs;Agriculture;2870;1940;2400
Marins, pˆcheurs, aquaculteurs;Industrie;420;100;410
Marins, pˆcheurs, aquaculteurs;Construction;10;0;10
Marins, pˆcheurs, aquaculteurs;Commerce;200;120;170
Marins, pˆcheurs, aquaculteurs;Services aux entreprises;2310;730;1850
Marins, pˆcheurs, aquaculteurs;Services aux particuliers;300;30;280
M‚decins et assimil‚s;Agriculture;10;10;10
M‚decins et assimil‚s;Industrie;30;20;0
M‚decins et assimil‚s;Construction;0;0;0
M‚decins et assimil‚s;Commerce;3770;2570;910
M‚decins et assimil‚s;Services aux entreprises;2170;1790;340
M‚decins et assimil‚s;Services aux particuliers;7280;5410;260
Ouvriers des industries graphiques;Industrie;2260;990;210
Ouvriers des industries graphiques;Construction;30;20;0
Ouvriers des industries graphiques;Commerce;80;40;30
Ouvriers des industries graphiques;Services aux entreprises;790;130;100
Ouvriers des industries graphiques;Services aux particuliers;120;10;30
Ouvriers non qualifi‚s de l'‚lectricit‚ et de l'‚lectronique;Agriculture;0;0;0
Ouvriers non qualifi‚s de l'‚lectricit‚ et de l'‚lectronique;Industrie;3420;1340;220
Ouvriers non qualifi‚s de l'‚lectricit‚ et de l'‚lectronique;Construction;1010;660;50
Ouvriers non qualifi‚s de l'‚lectricit‚ et de l'‚lectronique;Commerce;140;60;60
Ouvriers non qualifi‚s de l'‚lectricit‚ et de l'‚lectronique;Services aux entreprises;820;440;190
Ouvriers non qualifi‚s de l'‚lectricit‚ et de l'‚lectronique;Services aux particuliers;190;120;30
Ouvriers non qualifi‚s de la manutention;Agriculture;3310;1800;2940
Ouvriers non qualifi‚s de la manutention;Industrie;12530;3140;3710
Ouvriers non qualifi‚s de la manutention;Construction;380;80;120
Ouvriers non qualifi‚s de la manutention;Commerce;25510;8730;12490
Ouvriers non qualifi‚s de la manutention;Services aux entreprises;27110;12230;10510
Ouvriers non qualifi‚s de la manutention;Services aux particuliers;2990;1190;800
Ouvriers non qualifi‚s de la m‚canique;Agriculture;80;50;20
Ouvriers non qualifi‚s de la m‚canique;Industrie;6850;3000;570
Ouvriers non qualifi‚s de la m‚canique;Construction;520;410;20
Ouvriers non qualifi‚s de la m‚canique;Commerce;6670;4930;540
Ouvriers non qualifi‚s de la m‚canique;Services aux entreprises;2650;2000;200
Ouvriers non qualifi‚s de la m‚canique;Services aux particuliers;490;200;100
Ouvriers non qualifi‚s des industries de process;Agriculture;750;270;510
Ouvriers non qualifi‚s des industries de process;Industrie;45620;22690;18090
Ouvriers non qualifi‚s des industries de process;Construction;140;90;10
Ouvriers non qualifi‚s des industries de process;Commerce;3030;1120;1780
Ouvriers non qualifi‚s des industries de process;Services aux entreprises;3690;1850;1140
Ouvriers non qualifi‚s des industries de process;Services aux particuliers;1190;500;110
Ouvriers non qualifi‚s du gros ?uvre du bƒtiment, des travaux publics, du b‚ton et de l'extraction;Agriculture;70;50;10
Ouvriers non qualifi‚s du gros ?uvre du bƒtiment, des travaux publics, du b‚ton et de l'extraction;Industrie;1240;790;230
Ouvriers non qualifi‚s du gros ?uvre du bƒtiment, des travaux publics, du b‚ton et de l'extraction;Construction;26300;15940;4100
Ouvriers non qualifi‚s du gros ?uvre du bƒtiment, des travaux publics, du b‚ton et de l'extraction;Commerce;530;330;40
Ouvriers non qualifi‚s du gros ?uvre du bƒtiment, des travaux publics, du b‚ton et de l'extraction;Services aux entreprises;1900;1350;320
Ouvriers non qualifi‚s du gros ?uvre du bƒtiment, des travaux publics, du b‚ton et de l'extraction;Services aux particuliers;3140;1310;860
Ouvriers non qualifi‚s du second ?uvre du bƒtiment;Agriculture;50;30;20
Ouvriers non qualifi‚s du second ?uvre du bƒtiment;Industrie;1570;1000;150
Ouvriers non qualifi‚s du second ?uvre du bƒtiment;Construction;16370;10120;2420
Ouvriers non qualifi‚s du second ?uvre du bƒtiment;Commerce;1060;780;190
Ouvriers non qualifi‚s du second ?uvre du bƒtiment;Services aux entreprises;3240;2310;350
Ouvriers non qualifi‚s du second ?uvre du bƒtiment;Services aux particuliers;2340;1070;460
Ouvriers non qualifi‚s du textile et du cuir;Agriculture;120;80;100
Ouvriers non qualifi‚s du textile et du cuir;Industrie;3090;1430;490
Ouvriers non qualifi‚s du textile et du cuir;Construction;20;10;10
Ouvriers non qualifi‚s du textile et du cuir;Commerce;400;250;90
Ouvriers non qualifi‚s du textile et du cuir;Services aux entreprises;1780;920;890
Ouvriers non qualifi‚s du textile et du cuir;Services aux particuliers;3080;1080;950
Ouvriers non qualifi‚s du travail du bois et de l'ameublement;Agriculture;30;30;0
Ouvriers non qualifi‚s du travail du bois et de l'ameublement;Industrie;2090;1290;410
Ouvriers non qualifi‚s du travail du bois et de l'ameublement;Construction;160;140;0
Ouvriers non qualifi‚s du travail du bois et de l'ameublement;Commerce;90;50;20
Ouvriers non qualifi‚s du travail du bois et de l'ameublement;Services aux entreprises;190;100;20
Ouvriers non qualifi‚s du travail du bois et de l'ameublement;Services aux particuliers;430;70;20
Ouvriers non qualifi‚s travaillant par enlŠvement ou formage de m‚tal;Agriculture;20;20;0
Ouvriers non qualifi‚s travaillant par enlŠvement ou formage de m‚tal;Industrie;8750;4130;1120
Ouvriers non qualifi‚s travaillant par enlŠvement ou formage de m‚tal;Construction;310;250;10
Ouvriers non qualifi‚s travaillant par enlŠvement ou formage de m‚tal;Commerce;200;120;0
Ouvriers non qualifi‚s travaillant par enlŠvement ou formage de m‚tal;Services aux entreprises;630;480;40
Ouvriers non qualifi‚s travaillant par enlŠvement ou formage de m‚tal;Services aux particuliers;140;60;0
Ouvriers qualifi‚s de l'‚lectricit‚ et de l'‚lectronique;Agriculture;0;0;0
Ouvriers qualifi‚s de l'‚lectricit‚ et de l'‚lectronique;Industrie;5570;3120;420
Ouvriers qualifi‚s de l'‚lectricit‚ et de l'‚lectronique;Construction;1670;1180;70
Ouvriers qualifi‚s de l'‚lectricit‚ et de l'‚lectronique;Commerce;220;190;0
Ouvriers qualifi‚s de l'‚lectricit‚ et de l'‚lectronique;Services aux entreprises;1180;740;60
Ouvriers qualifi‚s de l'‚lectricit‚ et de l'‚lectronique;Services aux particuliers;410;40;20
Ouvriers qualifi‚s de la maintenance;Agriculture;190;140;20
Ouvriers qualifi‚s de la maintenance;Industrie;7370;5470;510
Ouvriers qualifi‚s de la maintenance;Construction;1900;1430;150
Ouvriers qualifi‚s de la maintenance;Commerce;7060;5810;350
Ouvriers qualifi‚s de la maintenance;Services aux entreprises;3680;2010;660
Ouvriers qualifi‚s de la maintenance;Services aux particuliers;6290;2650;1840
Ouvriers qualifi‚s de la manutention;Agriculture;60;40;40
Ouvriers qualifi‚s de la manutention;Industrie;4350;1520;1160
Ouvriers qualifi‚s de la manutention;Construction;160;80;10
Ouvriers qualifi‚s de la manutention;Commerce;9620;5220;2790
Ouvriers qualifi‚s de la manutention;Services aux entreprises;9540;5640;2920
Ouvriers qualifi‚s de la manutention;Services aux particuliers;770;180;200
Ouvriers qualifi‚s de la m‚canique;Industrie;6470;3770;580
Ouvriers qualifi‚s de la m‚canique;Construction;210;170;10
Ouvriers qualifi‚s de la m‚canique;Commerce;430;340;10
Ouvriers qualifi‚s de la m‚canique;Services aux entreprises;550;300;100
Ouvriers qualifi‚s de la m‚canique;Services aux particuliers;20;10;0
Ouvriers qualifi‚s de la r‚paration automobile;Agriculture;110;100;10
Ouvriers qualifi‚s de la r‚paration automobile;Industrie;540;410;20
Ouvriers qualifi‚s de la r‚paration automobile;Construction;140;130;10
Ouvriers qualifi‚s de la r‚paration automobile;Commerce;14730;12140;600
Ouvriers qualifi‚s de la r‚paration automobile;Services aux entreprises;2370;2010;140
Ouvriers qualifi‚s de la r‚paration automobile;Services aux particuliers;270;140;60
Ouvriers qualifi‚s des industries de process;Agriculture;80;30;0
Ouvriers qualifi‚s des industries de process;Industrie;17400;9390;3980
Ouvriers qualifi‚s des industries de process;Construction;210;90;20
Ouvriers qualifi‚s des industries de process;Commerce;980;560;490
Ouvriers qualifi‚s des industries de process;Services aux entreprises;2780;1450;550
Ouvriers qualifi‚s des industries de process;Services aux particuliers;350;130;100
Ouvriers qualifi‚s des travaux publics, du b‚ton et de l'extraction;Agriculture;70;50;50
Ouvriers qualifi‚s des travaux publics, du b‚ton et de l'extraction;Industrie;380;270;30
Ouvriers qualifi‚s des travaux publics, du b‚ton et de l'extraction;Construction;12140;7810;1290
Ouvriers qualifi‚s des travaux publics, du b‚ton et de l'extraction;Commerce;70;40;10
Ouvriers qualifi‚s des travaux publics, du b‚ton et de l'extraction;Services aux entreprises;240;140;50
Ouvriers qualifi‚s des travaux publics, du b‚ton et de l'extraction;Services aux particuliers;360;50;60
Ouvriers qualifi‚s du gros ?uvre du bƒtiment;Agriculture;60;30;10
Ouvriers qualifi‚s du gros ?uvre du bƒtiment;Industrie;510;350;20
Ouvriers qualifi‚s du gros ?uvre du bƒtiment;Construction;31480;23690;3620
Ouvriers qualifi‚s du gros ?uvre du bƒtiment;Commerce;40;20;10
Ouvriers qualifi‚s du gros ?uvre du bƒtiment;Services aux entreprises;780;420;120
Ouvriers qualifi‚s du gros ?uvre du bƒtiment;Services aux particuliers;410;290;60
Ouvriers qualifi‚s du second ?uvre du bƒtiment;Agriculture;30;10;20
Ouvriers qualifi‚s du second ?uvre du bƒtiment;Industrie;1230;960;60
Ouvriers qualifi‚s du second ?uvre du bƒtiment;Construction;42180;31060;3740
Ouvriers qualifi‚s du second ?uvre du bƒtiment;Commerce;620;470;30
Ouvriers qualifi‚s du second ?uvre du bƒtiment;Services aux entreprises;1240;740;90
Ouvriers qualifi‚s du second ?uvre du bƒtiment;Services aux particuliers;1070;460;320
Ouvriers qualifi‚s du textile et du cuir;Industrie;2740;1900;250
Ouvriers qualifi‚s du textile et du cuir;Construction;0;0;0
Ouvriers qualifi‚s du textile et du cuir;Commerce;90;70;10
Ouvriers qualifi‚s du textile et du cuir;Services aux entreprises;20;10;10
Ouvriers qualifi‚s du textile et du cuir;Services aux particuliers;390;270;180
Ouvriers qualifi‚s du travail du bois et de l'ameublement;Industrie;1830;1380;170
Ouvriers qualifi‚s du travail du bois et de l'ameublement;Construction;320;240;60
Ouvriers qualifi‚s du travail du bois et de l'ameublement;Commerce;20;0;0
Ouvriers qualifi‚s du travail du bois et de l'ameublement;Services aux entreprises;20;0;0
Ouvriers qualifi‚s du travail du bois et de l'ameublement;Services aux particuliers;10;0;10
Ouvriers qualifi‚s travaillant par enlŠvement de m‚tal;Industrie;6780;5400;270
Ouvriers qualifi‚s travaillant par enlŠvement de m‚tal;Construction;1190;790;110
Ouvriers qualifi‚s travaillant par enlŠvement de m‚tal;Commerce;50;30;10
Ouvriers qualifi‚s travaillant par enlŠvement de m‚tal;Services aux entreprises;160;130;0
Ouvriers qualifi‚s travaillant par enlŠvement de m‚tal;Services aux particuliers;40;30;20
Ouvriers qualifi‚s travaillant par formage de m‚tal;Agriculture;10;10;0
Ouvriers qualifi‚s travaillant par formage de m‚tal;Industrie;12440;9910;970
Ouvriers qualifi‚s travaillant par formage de m‚tal;Construction;1900;1410;120
Ouvriers qualifi‚s travaillant par formage de m‚tal;Commerce;130;70;0
Ouvriers qualifi‚s travaillant par formage de m‚tal;Services aux entreprises;580;400;40
Ouvriers qualifi‚s travaillant par formage de m‚tal;Services aux particuliers;70;50;0
Patrons et cadres d'h“tels, caf‚s, restaurants;Agriculture;20;10;10
Patrons et cadres d'h“tels, caf‚s, restaurants;Industrie;10;10;0
Patrons et cadres d'h“tels, caf‚s, restaurants;Commerce;40;10;20
Patrons et cadres d'h“tels, caf‚s, restaurants;Services aux entreprises;150;90;30
Patrons et cadres d'h“tels, caf‚s, restaurants;Services aux particuliers;2590;1350;560
Personnels d'‚tudes et de recherche;Industrie;4170;2690;20
Personnels d'‚tudes et de recherche;Construction;190;160;0
Personnels d'‚tudes et de recherche;Commerce;410;190;0
Personnels d'‚tudes et de recherche;Services aux entreprises;13860;7660;310
Personnels d'‚tudes et de recherche;Services aux particuliers;1040;340;60
Professionnels de l'action culturelle, sportive et surveillants;Agriculture;440;290;260
Professionnels de l'action culturelle, sportive et surveillants;Industrie;70;10;40
Professionnels de l'action culturelle, sportive et surveillants;Construction;20;10;10
Professionnels de l'action culturelle, sportive et surveillants;Commerce;130;90;110
Professionnels de l'action culturelle, sportive et surveillants;Services aux entreprises;5590;2350;4100
Professionnels de l'action culturelle, sportive et surveillants;Services aux particuliers;122070;46220;73290
Professionnels de l'action sociale et de l'orientation;Agriculture;30;0;10
Professionnels de l'action sociale et de l'orientation;Industrie;50;10;0
Professionnels de l'action sociale et de l'orientation;Construction;10;0;10
Professionnels de l'action sociale et de l'orientation;Commerce;10;0;0
Professionnels de l'action sociale et de l'orientation;Services aux entreprises;1300;580;160
Professionnels de l'action sociale et de l'orientation;Services aux particuliers;29630;13750;4050
Professionnels de la communication et de l'information;Agriculture;30;0;10
Professionnels de la communication et de l'information;Industrie;310;50;30
Professionnels de la communication et de l'information;Construction;30;10;0
Professionnels de la communication et de l'information;Commerce;630;210;20
Professionnels de la communication et de l'information;Services aux entreprises;6440;1790;1380
Professionnels de la communication et de l'information;Services aux particuliers;2770;870;760
Professionnels des arts et des spectacles;Industrie;500;220;20
Professionnels des arts et des spectacles;Construction;150;30;90
Professionnels des arts et des spectacles;Commerce;620;300;130
Professionnels des arts et des spectacles;Services aux entreprises;25840;3360;7950
Professionnels des arts et des spectacles;Services aux particuliers;74870;6710;37990
Professionnels du droit (hors juristes en entreprise);Construction;10;10;0
Professionnels du droit (hors juristes en entreprise);Commerce;20;0;20
Professionnels du droit (hors juristes en entreprise);Services aux entreprises;1780;930;50
Professionnels du droit (hors juristes en entreprise);Services aux particuliers;120;60;40
Professions para-m‚dicales;Agriculture;0;0;0
Professions para-m‚dicales;Industrie;690;520;10
Professions para-m‚dicales;Construction;0;0;0
Professions para-m‚dicales;Commerce;7120;4780;1000
Professions para-m‚dicales;Services aux entreprises;1550;580;110
Professions para-m‚dicales;Services aux particuliers;10630;6290;810
Secr‚taires;Agriculture;250;110;40
Secr‚taires;Industrie;2180;700;120
Secr‚taires;Construction;2180;950;90
Secr‚taires;Commerce;5960;2460;480
Secr‚taires;Services aux entreprises;11540;4420;1230
Secr‚taires;Services aux particuliers;12450;3950;1750
Secr‚taires de direction;Agriculture;20;10;0
Secr‚taires de direction;Industrie;200;60;10
Secr‚taires de direction;Construction;470;170;30
Secr‚taires de direction;Commerce;430;220;20
Secr‚taires de direction;Services aux entreprises;2570;920;140
Secr‚taires de direction;Services aux particuliers;970;430;90
Techniciens de l'informatique;Agriculture;0;0;0
Techniciens de l'informatique;Industrie;590;300;0
Techniciens de l'informatique;Construction;510;350;20
Techniciens de l'informatique;Commerce;1340;740;50
Techniciens de l'informatique;Services aux entreprises;22530;13050;840
Techniciens de l'informatique;Services aux particuliers;1110;680;50
Techniciens de la banque et des assurances;Industrie;130;30;10
Techniciens de la banque et des assurances;Construction;40;40;0
Techniciens de la banque et des assurances;Commerce;170;60;40
Techniciens de la banque et des assurances;Services aux entreprises;10700;4690;1010
Techniciens de la banque et des assurances;Services aux particuliers;310;80;30
Techniciens des services administratifs, comptables et financiers;Agriculture;30;20;0
Techniciens des services administratifs, comptables et financiers;Industrie;400;170;10
Techniciens des services administratifs, comptables et financiers;Construction;250;150;10
Techniciens des services administratifs, comptables et financiers;Commerce;380;120;30
Techniciens des services administratifs, comptables et financiers;Services aux entreprises;6380;3730;200
Techniciens des services administratifs, comptables et financiers;Services aux particuliers;1530;600;170
Techniciens et agents de maŒtrise de l'‚lectricit‚ et de l'‚lectronique;Industrie;2670;1750;50
Techniciens et agents de maŒtrise de l'‚lectricit‚ et de l'‚lectronique;Construction;1040;660;40
Techniciens et agents de maŒtrise de l'‚lectricit‚ et de l'‚lectronique;Commerce;460;320;30
Techniciens et agents de maŒtrise de l'‚lectricit‚ et de l'‚lectronique;Services aux entreprises;2030;1230;120
Techniciens et agents de maŒtrise de l'‚lectricit‚ et de l'‚lectronique;Services aux particuliers;160;60;80
Techniciens et agents de maŒtrise de la maintenance;Agriculture;30;10;10
Techniciens et agents de maŒtrise de la maintenance;Industrie;8200;5880;420
Techniciens et agents de maŒtrise de la maintenance;Construction;4430;3370;310
Techniciens et agents de maŒtrise de la maintenance;Commerce;2740;1880;140
Techniciens et agents de maŒtrise de la maintenance;Services aux entreprises;5950;3860;370
Techniciens et agents de maŒtrise de la maintenance;Services aux particuliers;2170;910;490
Techniciens et agents de maŒtrise des industries de process;Agriculture;20;10;10
Techniciens et agents de maŒtrise des industries de process;Industrie;3710;2050;280
Techniciens et agents de maŒtrise des industries de process;Construction;110;90;0
Techniciens et agents de maŒtrise des industries de process;Commerce;540;240;30
Techniciens et agents de maŒtrise des industries de process;Services aux entreprises;2470;1740;60
Techniciens et agents de maŒtrise des industries de process;Services aux particuliers;90;40;10
Techniciens et agents de maŒtrise des industries m‚caniques;Agriculture;0;0;0
Techniciens et agents de maŒtrise des industries m‚caniques;Industrie;3060;2110;80
Techniciens et agents de maŒtrise des industries m‚caniques;Construction;240;180;10
Techniciens et agents de maŒtrise des industries m‚caniques;Commerce;860;700;20
Techniciens et agents de maŒtrise des industries m‚caniques;Services aux entreprises;2410;1880;80
Techniciens et agents de maŒtrise des industries m‚caniques;Services aux particuliers;30;20;0
Techniciens et agents de maŒtrise des mat‚riaux souples, du bois et des industries graphiques;Industrie;320;230;0
Techniciens et agents de maŒtrise des mat‚riaux souples, du bois et des industries graphiques;Construction;90;50;0
Techniciens et agents de maŒtrise des mat‚riaux souples, du bois et des industries graphiques;Commerce;40;10;0
Techniciens et agents de maŒtrise des mat‚riaux souples, du bois et des industries graphiques;Services aux entreprises;50;30;0
Techniciens et agents de maŒtrise des mat‚riaux souples, du bois et des industries graphiques;Services aux particuliers;30;20;10
Techniciens et agents de maŒtrise du bƒtiment et des travaux publics;Agriculture;10;10;0
Techniciens et agents de maŒtrise du bƒtiment et des travaux publics;Industrie;1150;790;10
Techniciens et agents de maŒtrise du bƒtiment et des travaux publics;Construction;10660;7780;210
Techniciens et agents de maŒtrise du bƒtiment et des travaux publics;Commerce;310;180;0
Techniciens et agents de maŒtrise du bƒtiment et des travaux publics;Services aux entreprises;10850;7950;390
Techniciens et agents de maŒtrise du bƒtiment et des travaux publics;Services aux particuliers;950;550;80
Techniciens et cadres de l'agriculture;Agriculture;900;590;230
Techniciens et cadres de l'agriculture;Industrie;160;120;10
Techniciens et cadres de l'agriculture;Construction;50;40;0
Techniciens et cadres de l'agriculture;Commerce;170;120;30
Techniciens et cadres de l'agriculture;Services aux entreprises;1370;740;260
Techniciens et cadres de l'agriculture;Services aux particuliers;1670;820;410
Vendeurs;Agriculture;1160;540;680
Vendeurs;Industrie;9780;4830;3610
Vendeurs;Construction;460;270;30
Vendeurs;Commerce;68700;27190;32380
Vendeurs;Services aux entreprises;16440;10560;3550
Vendeurs;Services aux particuliers;4240;1610;1850
